,Date,User,Tweet
0,2019-03-04 22:40:00+00:00,ARYNEWSOFFICIAL,"India, Israel were planning to attack Pakistan on February 27: sources 

https://t.co/Vo5tzkHl1u"
1,2019-03-04 22:22:37+00:00,ARYNEWSOFFICIAL,"Even Indians are trolling #KanganaRanaut over anti-Pakistan statement 

https://t.co/cwcDIRMJ9l"
2,2019-03-04 19:19:05+00:00,ARYNEWSOFFICIAL,"Terming direct aerial links beneficial for two-way trade volume, #Kyrgyzstan’s ambassador to Pakistan Erik Beishembiev said that his country was planning to start directs flights to #Pakistan
#ARYNews 

https://t.co/j2ekhXRrkI"
3,2019-03-04 18:19:51+00:00,ARYNEWSOFFICIAL,"#Balakot strike: Many in #India question ‘300-350’ casualty figure
#ARYNews 

https://t.co/Hmm4HgfM6b"
4,2019-03-04 17:24:56+00:00,ARYNEWSOFFICIAL,"In a major development, well-placed sources within the government told that #India and #Israel along with a third, unnamed nation, were jointly planning to launch an #attack on #Pakistan on February 27
#ARYNews 

https://t.co/Vo5tzkHl1u"
5,2019-03-04 17:12:32+00:00,ARYNEWSOFFICIAL,"Federal Minister for Human Rights #ShireenMazari said Pakistan would raise the case of #Shakirullah, who was martyred by fellow inmates in India’s Jaipur jail, at the international level
#ARYNews 

https://t.co/23POjS5Bno"
6,2019-03-04 16:27:37+00:00,ARYNEWSOFFICIAL,"Chief Minister #Sindh #SyedMuradAliShah said he wished that #KarachiKings win the Pakistan Super League (#PSL) season 4
#ARYNews 

https://t.co/RqVI4VldPV"
7,2019-03-04 14:55:02+00:00,ARYNEWSOFFICIAL,"#Punjab Information Minister #FayyazulHassanChohan deeply criticized #Indian #PrimeMinister #NarendraModi by saying that he was trying to become the “#ChulbulPandey” of the region by opting for aggressive measures against Pakistan
#ARYNews 

https://t.co/NqGPJzndmF"
8,2019-03-04 14:10:21+00:00,ARYNEWSOFFICIAL,"The senator said India’s response following release of #Abhinandan was negative with across the border firing.
#ARYNews #ShakirUllah
https://t.co/eDv1ewkH5j"
9,2019-03-04 13:54:41+00:00,ARYNEWSOFFICIAL,"Shah Faesal argued in favour of awarding PM Khan Nobel Prize for his peace gesture to release #IAS officer #Abhinandan

#ARYNews #PMImranKhan"
10,2019-03-04 13:45:17+00:00,ARYNEWSOFFICIAL,"Sources revealed that Pakistan’s intelligence agencies had received a report regarding foul play design of the two countries
#ARYNews
https://t.co/Vo5tzkHl1u"
11,2019-03-04 12:35:16+00:00,ARYNEWSOFFICIAL,"Fans of Imran Khan from all around the world launched a campaign calling to declare the chairman Pakistan Tehreek-e-Insaf (PTI) an ambassador of peace
#ARYNews
https://t.co/cEHu1NKAtM"
12,2019-03-04 12:16:21+00:00,ARYNEWSOFFICIAL,"Frustrated citizens were seen chanting ‘Go Back Indian Army’ as the nation feels humiliated over their loss in a tit-for-tat air combat with #Pakistan last week.
#ARYNews #India 
https://t.co/T8Bdqe3PsI"
13,2019-03-04 11:40:07+00:00,ARYNEWSOFFICIAL,"The Pakistan Tehreek-e-Insaf reaches out to Indians in their national language, #Hindi
#ARYNews
https://t.co/gMrIY3O1mL"
14,2019-03-04 11:28:15+00:00,ARYNEWSOFFICIAL,"India has ordered 36 planes from Dassault Aviation as part of a modernisation programme of the air force which is phasing out its Soviet-era planes.
#ARYNews
https://t.co/G7zVkpG5Ud"
15,2019-03-04 11:14:04+00:00,ARYNEWSOFFICIAL,"A British news website, Evening Standard, reported that a survey’s result showed that India has more fake news and internet hoaxes than anywhere else in the world

#ARYNews #India #FakeNews"
16,2019-03-04 10:57:05+00:00,ARYNEWSOFFICIAL,"Even Indians are tolling Kangana Ranaut over anti-Pakistan statement
#ARYNews
https://t.co/cwcDIRMJ9l"
17,2019-03-04 09:36:12+00:00,ARYNEWSOFFICIAL,"The lies of Indian media and the Bharatiya Janata Party (BJP) government were exposed 

#ARYNews #Balakot #Budgam #Abhinandan"
18,2019-03-04 08:38:38+00:00,ARYNEWSOFFICIAL,"On February 28, Pakistan Muslim League-Nawaz President Sharif had challenged placing his name on the ECL in the Lahore High Court.
#ARYNews
https://t.co/ExnICemwuk"
19,2019-03-04 07:54:43+00:00,ARYNEWSOFFICIAL,"JF-17, not F-16, used to shoot down MiG 21: CNN report

#ARYNews #Budgam #Abhinandan"
20,2019-03-04 07:46:59+00:00,ARYNEWSOFFICIAL,"In a policy statement the World Sikh Parliament (WSP) said that Hindutva chauvinism is responsible for the current crisis in South Asia

#ARYNews #Budgam #Balakot #Abhinandan"
21,2019-03-04 07:31:45+00:00,ARYNEWSOFFICIAL,"An Indian Air Force pilot found himself in a dogfight last week with a warplane from the Pakistani Air Force, and ended up a prisoner behind enemy lines for a brief time
#ARYNews #Budgam #Abhinandan 
https://t.co/pIYLT2xxB1"
22,2019-03-04 07:06:08+00:00,ARYNEWSOFFICIAL,"Purportedly, JF-17 fighter jet of Pakistan shot down Indian warplane MiG 21 in Azad and Jammu Kashmir last week, as per a CNN report.
#ARYNews"
23,2019-03-04 06:33:18+00:00,ARYNEWSOFFICIAL,"Over 90 Sikh pilgrims reach Pakistan to attend religious ceremonies
#ARYNews"
24,2019-03-04 05:18:15+00:00,ARYNEWSOFFICIAL,"Turkish President Recep Tayyip Erdogan has said Turkey is ready to do its part to help calm tensions between Pakistan and India.
#ARYNews #Turkey #Erdogan"
25,2019-03-04 03:59:28+00:00,ARYNEWSOFFICIAL,"No bugs found in Indian pilot #Abhinandan, reveal medical tests
#ARYNews
https://t.co/kkzEP1efH9"
26,2019-03-03 20:22:34+00:00,ARYNEWSOFFICIAL,"This Indian anchor has become a laughing stock in Pakistan 

https://t.co/sw6nOR537p"
27,2019-03-03 19:55:59+00:00,ARYNEWSOFFICIAL,"Pakistan tea imports up 2․15pc in last seven months 

https://t.co/9u2jz2qFLs"
28,2019-03-03 19:43:57+00:00,ARYNEWSOFFICIAL,Attacking #Pakistan? #KanganaRanaut trolled for riding a mechanical horse https://t.co/7uUo35pXwL
29,2019-03-03 13:56:55+00:00,ARYNEWSOFFICIAL,"A full-dress rehearsal of the #security arrangements of Pakistan Super League (#PSL)-season 4 matches was held in #Karachi today 
#ARYNews 

https://t.co/Xv4sK5h2qG"
30,2019-03-03 12:06:44+00:00,ARYNEWSOFFICIAL,"The post-mortem report of a Pakistani national, #Shakirullah, who was stoned to death by other inmates inside #India’s Jaipur #CentralJail, has revealed that he died owing to a grievous head injury
#ARYNews 

https://t.co/JBCVBFG5r3"
31,2019-03-03 11:51:48+00:00,ARYNEWSOFFICIAL,"Additional Inspector General (#AIG) #Karachi #AmirSheikh reviewed security situation ahead of the Pakistan Super League (#PSL) season 4 matches after announcement of transfer of more matches in #Karachi
#ARYNews 

https://t.co/MdHdB1aayz"
32,2019-03-03 11:37:21+00:00,ARYNEWSOFFICIAL,"Slamming the Pakistan People’s Party (#PPP) led #Sindh government, Opposition Leader in the #SindhAssembly #FirdousShamimNaqvi said that it has ruined the province during its decade-long rule
#ARYNews 

https://t.co/1eHTJagvzA"
33,2019-03-03 11:03:57+00:00,ARYNEWSOFFICIAL,"#Qatar’s Emir Sheikh Tamim bin Hamad Al Thani appreciated Pakistan’s gesture of releasing #Indian #AirForce (IAF) Wing Commander #AbhinandanVarthaman, according to Foreign Office spokesperson Dr Muhammad Faisal
#ARYNews 

https://t.co/6d7G9aEiUZ"
34,2019-03-03 10:52:04+00:00,ARYNEWSOFFICIAL,"Chief Minister #Sindh #MuradAliShah confirmed that #Karachi will be hosting all the remaining matches of Pakistan Super League (#PSL) matches now
#ARYNews 

https://t.co/t8Zcs44NQM"
35,2019-03-03 10:35:39+00:00,ARYNEWSOFFICIAL,"#NationalAssembly Speaker #AsadQaiser has urged the parliament speakers of 178 countries to take note of atrocities being committed by #Indianforces in #India held #Kashmir.
#ARYNews 

https://t.co/nmNCWiBeBS"
36,2019-03-03 10:24:33+00:00,ARYNEWSOFFICIAL,"Chairman Hurriyat Forum Mirwaiz Umar Farooq said Pakistan and #India should begin decisive talks on the issue of #Kashmir
#ARYNews 

https://t.co/hgJtdl3gHt"
37,2019-03-03 09:53:21+00:00,ARYNEWSOFFICIAL,"Pakistani troops remain on alert, and there have been no casualties on the Pakistan side during the past 24 hours, said Inter Services Public Relations (#ISPR) 
#ARYNews 

https://t.co/gfJXZyt6DA"
38,2019-03-03 09:45:14+00:00,ARYNEWSOFFICIAL,"#Indian politician has challenged veracity of the claim that 300 people were killed in #Indian #airstrikes inside Pakistan
#ARYNews 

https://t.co/GtWZst4Kgo"
39,2019-03-03 08:49:14+00:00,ARYNEWSOFFICIAL,"Funeral prayers of Pakistani citizen #Shakirullah, who was martyred by fellow inmates in #India’s Jaipur jail, were offered in Daska
#ARYNews

https://t.co/96eFCHG2iF"
40,2019-03-03 08:22:11+00:00,ARYNEWSOFFICIAL,"#Journalists in #India are being pressurised to conform to the official narrative of hate-mongering against Pakistan. 
#ARYNews 

https://t.co/OMVP1VM4Xo"
41,2019-03-03 07:47:35+00:00,ARYNEWSOFFICIAL,"Foreign Minister #ShahMehmoodQureshi has said that the resolution adopted by the Organization of Islamic Cooperation (#OIC) meeting in #AbuDhabi has endorsed Pakistan’s stance on #Kashmir and condemned the #Indian #terrorism
#ARYNews 

https://t.co/86mpSmUC8S"
42,2019-03-03 07:35:32+00:00,ARYNEWSOFFICIAL,"Turkish President Recep #TayyipErdogan said #Turkey was ready to do its part to de-escalate tension between Pakistan and India
#ARYNews 

https://t.co/x18w23mWjE"
43,2019-03-03 07:23:37+00:00,ARYNEWSOFFICIAL,"Following intense tension between Pakistan and India, #flight operation at Allama Iqbal International #Airport, #Lahore, has been partially restored
#ARYNews 

https://t.co/MUdXRshf6U"
44,2019-03-02 19:55:24+00:00,ARYNEWSOFFICIAL,"#Modi says ‘outcome’ would have been different if #India had #Rafalejets
#ARYNews 
https://t.co/gpFD5jyegb"
45,2019-03-02 19:18:24+00:00,ARYNEWSOFFICIAL,"A top #Indian minister said the government would not share proof that ‘a very large number’ of ‘militants’ were killed in ‘air #strikes’ inside #Pakistan this week
#ARYNews 

https://t.co/eyhusrHJqZ"
46,2019-03-02 17:16:58+00:00,ARYNEWSOFFICIAL,"The Ministry of #Energy has raised a sum of Rs200 billion through ‘Pakistan Energy Sukuk’ to resolve the country’s spiraling circular debt
#ARYNews 

https://t.co/8edPDjxtNM"
47,2019-03-02 17:03:05+00:00,ARYNEWSOFFICIAL,"Member countries of the Organisation of Islamic Cooperation (#OIC) announced unshakeable support for #Kashmiri people besides condemning recent wave of state-terrorism by #India in occupied Jammu and Kashmir
#ARYNews 

https://t.co/KrMuTwnNPC"
48,2019-03-02 16:10:59+00:00,ARYNEWSOFFICIAL,"Terming youth the country’s asset, #Punjab Chief Minister #SardarUsmanBuzdar said that the Pakistan Tehreek-e-Insaf (#PTI) led provincial government is working on a comprehensive plan for the #welfare of young people
#ARYNews 

https://t.co/NzNWrgpmwi"
49,2019-03-02 15:49:00+00:00,ARYNEWSOFFICIAL,"#AjayDevgan welcomes #Abhinandan; gets brutally trolled again!
#ARYNews 

https://t.co/iBGMtSwMgu"
50,2019-03-02 15:00:08+00:00,ARYNEWSOFFICIAL,"Who was the lady accompanying Indian pilot Abhinandan at Wagah border?
#ARYNews
https://t.co/jVjpERxcT9"
51,2019-03-02 14:38:02+00:00,ARYNEWSOFFICIAL,"The Foreign Office said that India has not yet responded to Pakistan’s request for a judicial probe into the killing of Pakistani prisoner Shakirullah inside a Jaipur prison
#ARYNews #ShakirUllah 
https://t.co/hwJGrWYZJM"
52,2019-03-02 14:21:00+00:00,ARYNEWSOFFICIAL,"Australian journalist schools Kohli over Abhinandan tribute
#ARYNews 
https://t.co/teRWGiZZ6p"
53,2019-03-02 14:14:08+00:00,ARYNEWSOFFICIAL,"Pakistanis troll Adnan Sami in an entirely unique fashion after anti-Pakistan tweet
#ARYNews
https://t.co/GXXFy9hIoC"
54,2019-03-02 14:09:53+00:00,ARYNEWSOFFICIAL,This Indian anchor has become a laughing stock in Pakistan https://t.co/sw6nOR537p
55,2019-03-02 13:53:38+00:00,ARYNEWSOFFICIAL,"Speaking to the media here, he advised India rulers to reciprocate Pakistan’s peace overtures in a similar way
#ARYNews #Kashmir #IndianOccupiedKashmir 
https://t.co/JhhcbwS9Zr"
56,2019-03-02 12:58:36+00:00,ARYNEWSOFFICIAL,"Sources said NAB officials took into custody documents related to the Pakistan Tehreek-e-Insaf (PTI) leader’s offshore properties and important record during the raid
#ARYNews #NAB 
https://t.co/hOetDHG4iC"
57,2019-03-02 12:55:14+00:00,ARYNEWSOFFICIAL,"#Breaking #ARYNews #ShahMehmoodQureshi

India should also play its role for the peace in region: FM Qureshi

Watch Live: https://t.co/nMYh5IFs5l"
58,2019-03-02 12:44:51+00:00,ARYNEWSOFFICIAL,"#ARYNews #Breaking #ShahMehmoodQureshi

Diplomacy remains the preferred front while dealing with India: Qureshi

Watch Live: https://t.co/nMYh5IFs5l"
59,2019-03-02 12:37:05+00:00,ARYNEWSOFFICIAL,"#Breaking #ARYNews 

Shakirullah’s body handed over to Pakistan at Wagah Border"
60,2019-03-02 11:53:13+00:00,ARYNEWSOFFICIAL,"Who is this lady with Indian pilot Abhinandan?
#ARYNews #Abhinandan
https://t.co/jVjpEROOhJ"
61,2019-03-02 10:59:14+00:00,ARYNEWSOFFICIAL,"“Establishment of peace in the region is the top most priority of the government,” the minister said 

#ARYNews #Abhinandan"
62,2019-03-02 10:48:15+00:00,ARYNEWSOFFICIAL,"Who is this lady with Indian pilot Abhinandan?

#ARYNews #Abhinandan"
63,2019-03-02 10:30:06+00:00,ARYNEWSOFFICIAL,"Australian journalist schools Kohli over Abhinandan tribute
#ARYNews #Abhinandan 
https://t.co/teRWGiZZ6p"
64,2019-03-02 10:06:57+00:00,ARYNEWSOFFICIAL,"Chief Justice of Pakistan Asif Saeed Khosa, has fixed a contempt petition filed by a lawyer on behalf of Lahore High Court Bar, for hearing on March 07
#ARYNews #SupremeCourt 
https://t.co/NdahJGSM7c"
65,2019-03-02 09:53:21+00:00,ARYNEWSOFFICIAL,"Pakistanis troll Adnan Sami in an entirely unique fashion after anti-Pakistan tweet
#ARYNews #Abhinandan
https://t.co/GXXFy9hIoC"
66,2019-03-02 09:02:47+00:00,ARYNEWSOFFICIAL,"Fawad slams Preity Zinta for ‘poking nose in issues beyond understanding’

#ARYNews #Abhinandan"
67,2019-03-02 08:29:23+00:00,ARYNEWSOFFICIAL,"Fawad slams Preity Zinta for ‘poking nose in issues beyond understanding’
#ARYNews #Budgam #Abhinandan
https://t.co/EBwuBCvSaB"
68,2019-03-02 08:23:16+00:00,ARYNEWSOFFICIAL,"The foreign minister said, “There was no pressure on Pakistan to release him nor any compulsion.”

#ARYNews #Abhinandan"
69,2019-03-02 08:17:35+00:00,ARYNEWSOFFICIAL,"“Under the leadership of Imran Khan, we will not let India stand victor. Imran Khan is the hero of Pakistan,” Fayyaz said in a statement
#ARYNews #Abhinandan 
https://t.co/6BC5mJEFCS"
70,2019-03-02 08:06:53+00:00,ARYNEWSOFFICIAL,Wrapper of ‘F-16 Naswar’ is India’s ‘proof’ against Pakistan https://t.co/IunuUaERCt
71,2019-03-02 07:59:56+00:00,ARYNEWSOFFICIAL,Pakistanis troll Adnan Sami in an entirely unique fashion after anti-Pakistan tweet https://t.co/GXXFy9hIoC
72,2019-03-02 07:06:08+00:00,ARYNEWSOFFICIAL,"Hunger, disease ‘alarmingly high’ in drought-hit Pakistan: Red Cross 
#ARYNews https://t.co/JNt9aCGaXB"
73,2019-03-02 06:40:38+00:00,ARYNEWSOFFICIAL,"UN chief urges Pak, India to keep up ‘positive momentum’ post-Abhinandan release 
#ARYNews https://t.co/sYPKhOwwEs"
74,2019-03-01 19:48:30+00:00,ARYNEWSOFFICIAL,India to hand over Shakirullah’s body to Pakistan Saturday https://t.co/V1qhNULBuC
75,2019-03-01 19:33:46+00:00,ARYNEWSOFFICIAL,"Pakistan stands for Peace! 

#ARYNews #PakistanLeadsWithPeace https://t.co/xqOYjrGLRl"
76,2019-03-01 17:22:27+00:00,ARYNEWSOFFICIAL,Pakistani passengers stuck at Bangkok airport as India closes airspace https://t.co/3lxFgYRmGY
77,2019-03-01 16:59:15+00:00,ARYNEWSOFFICIAL,India resorts to heavy shelling along LoC as Pakistan releases Abhinandan https://t.co/kS3Yn13ANJ
78,2019-03-01 16:37:42+00:00,ARYNEWSOFFICIAL,"The Pakistan Army is a very professional service. I see peace in it.

Details here: https://t.co/7gQuXAisjO

#ARYNews #PakistanLeadsWithPeace"
79,2019-03-01 16:18:24+00:00,ARYNEWSOFFICIAL,"Watch Indian Air Force pilot Abhinandan's video message right before he was sent back to his country. 
Read More: https://t.co/7gQuXAisjO 
#ARYNews 
https://t.co/sooiQyiqrH"
80,2019-03-01 16:13:14+00:00,ARYNEWSOFFICIAL,"Pakistani officials handed over Indian Air Force (IAF) pilot Abhinandan Varthaman to Indian counterparts at Wahga Border crossing.

Details here: https://t.co/ETLzClF1YN

#ARYNews #PakistanLeadsWithPeace"
81,2019-03-01 15:52:48+00:00,ARYNEWSOFFICIAL,"Watch live: Pakistan hands over IAF pilot Abhinandan to India
https://t.co/wggp8GG3IM
#ARYNews
https://t.co/ykQJmSPLPh"
82,2019-03-01 14:50:44+00:00,ARYNEWSOFFICIAL,"Wrapper of ‘F-16 Naswar’ is India’s proof against #Pakistan
#ARYNews
https://t.co/IunuUaERCt"
83,2019-03-01 14:31:13+00:00,ARYNEWSOFFICIAL,"Dummy Modi, Imran come face to face; along with dummy #Abhinandan
#ARYNews
https://t.co/JxaYWZSTi9"
84,2019-03-01 14:15:02+00:00,ARYNEWSOFFICIAL,"Is Adnan Sami Pakistan's undercover agent in India?

#ARYNews"
85,2019-03-01 13:57:29+00:00,ARYNEWSOFFICIAL,"When on one hand India is run by a bloodthirsty, warmongering man who is escalating hatred for minorities across the country, minorities in Pakistan are over the moon by the kindness they get from the people and government of Pakistan.

#ARYStories #PakistanLeadsWithPeace https://t.co/dnR1PbF86y"
86,2019-03-01 13:52:24+00:00,ARYNEWSOFFICIAL,"Pakistanis troll Adnan Sami in an entirely unique fashion after anti-Pakistan tweet
#ARYNews #Abhinandan #Budgam
https://t.co/GXXFy9hIoC"
87,2019-03-01 13:29:19+00:00,ARYNEWSOFFICIAL,"India has lost at least 8 war planes in the past one month, two of them were shot down by the PAF in a recent engagement and a pilot #Abhinandan was also taken into the custody
#ARYNews
https://t.co/FztNaPqRjv"
88,2019-03-01 13:24:49+00:00,ARYNEWSOFFICIAL,"PM Imran Khan has won hearts worldwide with his monumental decision of releasing captive Indian air force pilot Abhinandan Varthaman as a peace gesture
#ARYNews #NobelPeacePrizeForImranKhan #Abhinandan
https://t.co/DQou81xXkP"
89,2019-03-01 13:12:56+00:00,ARYNEWSOFFICIAL,"Jordan’s King Abdullah II telephoned Prime Minister Imran Khan and voiced concern over the latest tensions between Pakistan and India
#ARYNews 
https://t.co/2bGaDkkAGV"
90,2019-03-01 13:03:22+00:00,OfficialDGISPR,"COAS had tel comm with Comd USCENTCOM, CDS UK, CDF Australia and Ambs of US, UK &amp; China in Pak. Prevailing stand off between Pakistan &amp; India &amp; its impact on peace &amp; stability in the region &amp; beyond discussed. “Pak shall surely respond to any aggression in self defence”, COAS."
91,2019-03-01 12:57:56+00:00,ARYNEWSOFFICIAL,"Pakistan plans to lodge a complaint against India at the United Nations, over “eco-terrorism” in the wake of air strikes that damaged pine trees

#ARYNews #Balakot #Budgam"
92,2019-03-01 12:42:04+00:00,ARYNEWSOFFICIAL,"Justice Athar Minallah of the high court dismissed the constitutional petition after hearing initial arguments.
#ARYNews #Abhinandan
https://t.co/TF3tpxLazr"
93,2019-03-01 12:31:06+00:00,ARYNEWSOFFICIAL,"Prime Minister’s Imran Khan move to release pilot Abhinandan Varthman as a ‘gesture of peace’ is being applauded worldwide including India.

#ARYNews #PMImranKhan #Abhinandan"
94,2019-03-01 12:16:26+00:00,ARYNEWSOFFICIAL,"PM Imran Khan has won hearts worldwide with his monumental decision of releasing captive Indian air force pilot #Abhinandan Varthaman as a peace gesture

#ARYNews #LetBetterSenesePrevail #NobelPeacePrizeForImranKhan"
95,2019-03-01 11:22:38+00:00,ARYNEWSOFFICIAL,"India has lost at least 8 war planes in the past one month, two of them were shot down by the PAF in a recent engagement and a pilot Abhinandan was also taken into the custody

#ARYNews #PakistanStrikesBack #Abhinandan"
96,2019-03-01 11:16:00+00:00,ARYNEWSOFFICIAL,"A bumper harvest has led to a crash in turmeric prices in India, the world’s biggest producer and exporter of the bright yellow spice
#ARYNews
https://t.co/aiuqpx9XlR"
97,2019-03-01 11:06:15+00:00,ARYNEWSOFFICIAL,"India has lost at least 8 war planes in the past one month, two of them were shot down by the PAF in a recent engagement and a pilot Abhinandan was also taken into the custody
#ARYNews #PakistanStrikesBack #Abhinandan
https://t.co/FztNaPqRjv"
98,2019-03-01 10:54:23+00:00,ARYNEWSOFFICIAL,"#Breaking #Abhinandan #ARYNews #LetBetterSensePrevail

IAF Pilot Abhinandan brought to Wagah border; will soon be handed over to India"
99,2019-03-01 10:42:03+00:00,ARYNEWSOFFICIAL,"Dummy Modi, Imran come face to face; along with dummy Abhinandan
#ARYNews #Abhinandan
https://t.co/JxaYWZSTi9"
100,2019-03-01 10:24:57+00:00,ARYNEWSOFFICIAL,"Pakistan believes that with such a record India has no legal or moral grounds to be present at the meeting, said the FO 
#ARYNews #OICSummit
https://t.co/7jogvCmjZY"
101,2019-03-01 10:16:05+00:00,ARYNEWSOFFICIAL,"“The country would like to utilize Turkey’s experiences in the railways sector,” Sheikh said during his meeting with the Turkish ambassador to Pakistan Ihsan Mustafa Yurdakul
#ARYNews
https://t.co/w8CDdSQDm3"
102,2019-03-01 09:25:09+00:00,ARYNEWSOFFICIAL,"“The whole nation pays rich tribute to the PAF for a befitting response to Indian provocation and proud of Squadron leader Hassan Siddiqui,” the resolution read

#ARYNews #Budgam #Abhinandan #PakistanStrikesBack #JointSession"
103,2019-03-01 09:12:07+00:00,ARYNEWSOFFICIAL,"Russia is ready to mediate between India and Pakistan to try to calm tensions between the two nuclear powers, Russian government officials said 
#ARYNews #Abhinandan #Budgam #Balakot
https://t.co/J4kWzmhv7Y"
104,2019-03-01 08:51:12+00:00,ARYNEWSOFFICIAL,"The departure of Dosti bus from Lahore today was another effort of Pakistan to keep the doors of peace opened.

#ARYNews"
105,2019-03-01 08:41:41+00:00,ARYNEWSOFFICIAL,"Expressing his views in the joint session of the Parliament, he contended despite tensions with India, country’s economic indicators remained positive.

#ARYNews #JointSession"
106,2019-03-01 08:32:21+00:00,ARYNEWSOFFICIAL,"The Foreign Office in its statement said Foreign Minister Shah Mehmood Qureshi will not participate in the OIC Council of Foreign Ministers since, “India has been invited to the inaugural plenary.”

#ARYNews"
107,2019-03-01 07:48:47+00:00,ARYNEWSOFFICIAL,"The foreign minister said Pakistan never wanted escalation as Prime Minister Imran Khan has said several times that we will take two steps, if India takes one
#ARYNews #Abhinandan
https://t.co/TK7TgHwIvU"
108,2019-03-01 07:32:33+00:00,ARYNEWSOFFICIAL,"PM Imran Khan will be briefed about the ongoing development schemes in the province, while matters pertaining to tensions with India will also come under discussion.
#ARYNews #PMImranKhan 
https://t.co/ldhISX3sr3"
109,2019-03-01 07:00:18+00:00,ARYNEWSOFFICIAL,"Pakistan's political powers are united: Asad Umar
#ARYNews"
110,2019-03-01 06:48:10+00:00,ARYNEWSOFFICIAL,"Pakistan’s airspace to remain close till Friday noon
#ARYNews https://t.co/iiFm6owCXf"
111,2019-03-01 06:25:01+00:00,ARYNEWSOFFICIAL,"Pakistan decides not to attend Foreign Ministers' session of OIC - FM Shah Mahmood Qureshi
#ARYNews"
112,2019-03-01 06:23:44+00:00,ARYNEWSOFFICIAL,"UN chief welcomes Pakistan’s decision of releasing captured Indian pilot 
#ARYNews https://t.co/7LqJzvH2zT"
113,2019-03-01 05:51:03+00:00,Dawn_News,"https://t.co/JfiYyg0qsA
#dawnnews #pakistan #india #PakistanStrikesBack#PakistanAirForceOurPride #Budgam#PakistanZindabaad #SayNoToWar https://t.co/pB5rA9iVjk"
114,2019-03-01 05:49:54+00:00,ARYNEWSOFFICIAL,"Foreign Minister Shah Mehmood Qureshi said Pakistan desires for peace in the region and decision to release Indian fighter pilot is a gesture to de-escalate the situation between the two neighbours in the South Asia.

#ARYNews #Abinandan #Pakistan"
115,2019-03-01 05:45:33+00:00,ARYNEWSOFFICIAL,"Pakistan will release captured Indian pilot Abhinandan Varthaman today as a gesture of peace in order to de-escalate the soaring tensions with New Delhi.

#ARYNews #Abinandan #PakistanLeadsWithPeace"
116,2019-02-28 19:55:46+00:00,ARYNEWSOFFICIAL,"Federal #Railways Minister #SheikhRasheed said that Pakistan Railways was facing a severe financial crisis and termed lack of investment as key issue being faced by the department
#ARYNews 

https://t.co/YqbH9DNi46"
117,2019-02-28 18:08:59+00:00,ARYNEWSOFFICIAL,"Pakistan Meteorological Department (#PMD) has #forecasted a new #rain spell and #snowfalls in #Pakistan from Friday and it will likely to persist till Monday
#ARYNews 

https://t.co/Unq7u2QL5X"
118,2019-02-28 16:45:16+00:00,ARYNEWSOFFICIAL,"Pakistan Muslim League-Nawaz (#PMLN) senior leader #KhwajaMuhammadAsif hailed #PrimeMinister #ImranKhan’s decision to release the captured #Indianpilot, #Abhinandan, as a gesture of peace
#ARYNews 

https://t.co/3ZBwQFWQXr"
119,2019-02-28 16:16:24+00:00,ARYNEWSOFFICIAL,"#Afghan refugees holding valid Proof of Registration (PoR) card were allowed to open #bankaccounts in #Pakistan, said #StateBank of Pakistan (SBP)
#ARYNews 

https://t.co/nt0BTHG9Dc"
120,2019-02-28 15:08:05+00:00,ARYNEWSOFFICIAL,"#India’s economy lost momentum in the approach to a general #election, with the annual growth rate slipping to 6.6 percent in the October-December quarter, dragged down by weaker consumer demand
#ARYNews 

https://t.co/ZhvFrmeZWI"
121,2019-02-28 14:22:08+00:00,ARYNEWSOFFICIAL,"“This is going to be a step towards goodwill and I hope this will be lasting,” he said
#ARYNews #Abhinandan
https://t.co/tCL3rAPhmO"
122,2019-02-28 13:54:34+00:00,ARYNEWSOFFICIAL,"#Breaking #ARYNews #Abhinandan

Indian pilot Abhinandan will be sent to India through Wagah border

Watch Live: https://t.co/nMYh5IFs5l https://t.co/bb4NCLLD6g"
123,2019-02-28 13:40:43+00:00,ARYNEWSOFFICIAL,"PM #ImranKhan announces release of Indian pilot Abhinandan as ‘peace gesture’

Details here: https://t.co/cv2mFk9tI4

#ARYNews #Abhinanadan"
124,2019-02-28 13:24:24+00:00,ARYNEWSOFFICIAL,"This Indian anchor has become a laughing stock in Pakistan
#ARYNews 
https://t.co/sw6nOR537p"
125,2019-02-28 12:19:28+00:00,ARYNEWSOFFICIAL,"India has asked Alphabet’s YouTube to take down some videos showing an Indian pilot captured by Pakistan 
#ARYNews #Abhinandan 
https://t.co/0d08P1Awmo"
126,2019-02-28 12:13:55+00:00,ARYNEWSOFFICIAL,"As a gesture of peace, the prime minister announced to release the captured pilot of Indian Air Force, Abhinandan, tomorrow
#ARYNews #Abhinandan #LetBetterSensePrevail
https://t.co/mvE0uIMdio"
127,2019-02-28 12:10:52+00:00,ARYNEWSOFFICIAL,"As per statement released by the military’s media wing, here today, troops of Pakistan Army are on high alert along the LoC to deal with any Indian aggression
#ARYNews #ISPR 
https://t.co/6ALtIdn9C4"
128,2019-02-28 11:49:50+00:00,ARYNEWSOFFICIAL,"“Wars are no solution to any issue as you have to sit on the table in the end,” Shehbaz Sharif said while addressing the joint session of the parliament over escalating tension between Pakistan and India.

#ARYNews #ShehbazSharif #JointSession"
129,2019-02-28 11:42:12+00:00,ARYNEWSOFFICIAL,"“Wars are no solution to any issue as you have to sit on the table in the end,” Shehbaz Sharif said while addressing the joint session of the parliament over escalating tension between Pakistan and India.

#ARYNews #ShehbazSharif #JointSession"
130,2019-02-28 11:39:56+00:00,ARYNEWSOFFICIAL,"“Wars are no solution to any issue as you have to sit on the table in the end,” Shehbaz Sharif said while addressing the joint session of the parliament over escalating tension between Pakistan and India.

#ARYNews #ShehbazSharif #JointSession"
131,2019-02-28 11:38:29+00:00,ARYNEWSOFFICIAL,"PM Khan announces release of Indian pilot as a gesture of peace

#ARYNews #PMImranKhan #Abhinandan #LetBetterSensePrevail https://t.co/cXoO3q7bgX"
132,2019-02-28 11:34:33+00:00,ARYNEWSOFFICIAL,"He appreciated the Pakistani media and noted that Indian media created war hysteria. However, “our media showed solidarity and acted responsibly.”

#ARYNews #Abhinandan #LetBetterSensePrevail"
133,2019-02-28 11:24:50+00:00,ARYNEWSOFFICIAL,"PM Khan while addressing a joint parliamentary session in the wake of soaring tensions between India and Pakistan, announced to release the captured Indian pilot as a gesture of peace

#ARYNews"
134,2019-02-28 11:21:39+00:00,ARYNEWSOFFICIAL,"PM Khan announces release of Indian pilot as a gesture of peace

#ARYNews #PMImranKhan #Abhinandan"
135,2019-02-28 11:14:03+00:00,ARYNEWSOFFICIAL,"From the floor of the parliament, PM Khan asserted “to not misconstrue Pakistan’s desire of peace as weakness.”

#ARYNews #PMImranKhan #Abhinandan"
136,2019-02-28 10:59:40+00:00,ARYNEWSOFFICIAL,"Pakistan welcomes the statement of US President Donald Trump about interference to de-escalate tension between Pakistan and India

#ARYNews #Budgam #Balakot #PulwamaAttack"
137,2019-02-28 10:51:00+00:00,ARYNEWSOFFICIAL,"Saudi FM visiting Pakistan with crown prince’s ‘important message’: Qureshi
#ARYNews
https://t.co/WFVDrFHYmP"
138,2019-02-28 10:35:54+00:00,ARYNEWSOFFICIAL,"This Indian anchor has become a laughing stock in Pakistan
#ARYNews #Budgam #Abhinandan #PakistanStrikesBack 
https://t.co/sw6nOR537p"
139,2019-02-28 10:10:13+00:00,ARYNEWSOFFICIAL,"He further said PM Imran Khan can mull over the decision to return #Abhinandan, if India makes a formal request in this regard

#ARYNews #Budgam"
140,2019-02-28 09:13:33+00:00,ARYNEWSOFFICIAL,"Pakistanis talk of peace but troll India after PAF shoots down IAF jets
#ARYNews
https://t.co/mdjgDjPS3U"
141,2019-02-28 09:09:33+00:00,ARYNEWSOFFICIAL,"Samjhota Express will resume its operations as soon as the security situation improves between India and Pakistan,” said the Foreign Office in a statement
#ARYNews #PulwamaAttack #Budgam
https://t.co/1xhiKi4d5a"
142,2019-02-28 09:01:25+00:00,ARYNEWSOFFICIAL,"#ARYBLOG #REPLUG

SATIRE: Here is how India's #ArnabGoswami provided proof India's '#surgicalstrike' https://t.co/adgVQSFSkm"
143,2019-02-28 08:51:30+00:00,ARYNEWSOFFICIAL,Pakistanis make memes to troll India over false surgical strike claim https://t.co/PkyGwyXuyO
144,2019-02-28 08:37:24+00:00,ARYNEWSOFFICIAL,"Asad Umar said #Pakistan remained committed to peace while resolute in defence of its sovereignty, for which it had demonstrated both its capacity and will
#ARYNews #Budgam #Balakot 
https://t.co/dhZZobpQve"
145,2019-02-28 08:31:47+00:00,ARYNEWSOFFICIAL,"U.S. President Donald Trump said he hoped the decades-long conflict between India and Pakistan will be coming to an end

#ARYNews #DonaldTrump #PulwamaAttack #Budgam #Balakot"
146,2019-02-28 08:22:51+00:00,ARYNEWSOFFICIAL,"Indian pm is at receiving end after escalating tensions with Pakistan in the wake of #PulwamaAttack.
#ARYNews #Budgam #Balakot 
https://t.co/bVAm0pdR9R"
147,2019-02-28 08:12:44+00:00,ARYNEWSOFFICIAL,"“If India ever attacked, the overseas Sikhs will extend full support to Pakistan and will stand shoulder to shoulder in thwarting any Indian attack,” said Sikhs For Justice (SfJ) in a letter to Prime Minister Imran Khan

#ARYNews #Budgam #Balakot #Abhinandan"
148,2019-02-28 07:53:12+00:00,ARYNEWSOFFICIAL,"Viral video of Indian warplanes striking targets in Pakistan was from a video game

#ARYNews #Budgam #Balakot #PakistanArmy"
149,2019-02-28 07:31:01+00:00,ARYNEWSOFFICIAL,"Flight operations to remain suspended til midnight across #Pakistan 
#ARYNews https://t.co/CvDsEXr6Rg"
150,2019-02-28 07:26:40+00:00,pak_def,"All of Pakistan's Air Bases are at War Alert Level — to use an easy-to-understand phrase. Full night vigil. Ground facilities including health and emergency facilities are Red Alert. Pakistan Navy on HIGH ALERT 
High Alert in #Karachi, #Pasni and #Gwadar https://t.co/yghzzPzD1a"
151,2019-02-28 07:24:08+00:00,ARYNEWSOFFICIAL,"#US-based #Sikh body assures full support to #Pakistan against #Indian aggression
#ARYNews  https://t.co/176sRQxe4Z"
152,2019-02-28 07:15:58+00:00,pak_def,"There is only one pilot under Pakistan Army’s custody. Wing Comd Abhi Nandan is being treated as per norms of military ethics.
#PakistabZindabad
#WeSupportPakistanArmy
#SayNotToWar https://t.co/Ud8Vmije97"
153,2019-02-28 06:23:07+00:00,ARYNEWSOFFICIAL,"#UN Chief offers mediation between #Pakistan, #India for defusing tensions
#ARYNews https://t.co/lDKIaBmND1"
154,2019-02-28 06:17:08+00:00,ARYNEWSOFFICIAL,"High court justice injured in #Peshawar attack
#ARYNews  https://t.co/M5X3MW3ysl"
155,2019-02-28 05:33:14+00:00,ARYNEWSOFFICIAL,"#Pakistan envoy says #US emboldened #India 
#ARYNews https://t.co/GinQbIvIiW"
156,2019-02-27 19:26:48+00:00,ARYNEWSOFFICIAL,"Sensible quarters in #India have warmly received #PrimeMinister #ImranKhan’s address to the nation in which he offered India to come to the dialogue table and denounced #war
#ARYNews 

https://t.co/iBSiz1mwAF"
157,2019-02-27 19:21:43+00:00,ARYNEWSOFFICIAL,"Pakistan attaches great importance to its ties with #UAE: #FehmidaMirza
#ARYNews 

https://t.co/bEETGn7JR3"
158,2019-02-27 19:11:11+00:00,ARYNEWSOFFICIAL,"An in-camera briefing given to #parliamentary leaders in the #ParliamentHouse by top security officials on #Indian aggression against Pakistan concluded
#ARYNews 

https://t.co/GAncBSnY9N"
159,2019-02-27 19:00:20+00:00,ARYNEWSOFFICIAL,"Asserting Pakistan’s complete preparedness to defend its motherland, Chief of Army Staff General #QamarJavedBajwa said that #Pakistan had given an effective response to #India
#ARYNews 

https://t.co/wV5qeQx4IJ"
160,2019-02-27 18:40:37+00:00,ARYNEWSOFFICIAL,"Keeping in view the rising tension between #Pakistan and #India, the #Punjab government declared state of #emergency in all #hospital across the province
#ARYNews 

https://t.co/7ZQSbtD7lU"
161,2019-02-27 18:00:47+00:00,ARYNEWSOFFICIAL,"President Azad and Jammu #Kashmir (AJK) #MasoodKhan said the defence of Pakistan and the AJK was in the strong hands of #PakistanArmy
#ARYNews 

https://t.co/EfLT0BzOq2"
162,2019-02-27 17:32:24+00:00,ARYNEWSOFFICIAL,"#Balochistan Chief Minister #JamKamalKhan warned #NewDelhi that it should not misconstrue #Pakistan’s desire for peace as weakness
#ARYNews 

https://t.co/CDFTCjoRzr"
163,2019-02-27 17:21:39+00:00,ARYNEWSOFFICIAL,"Pakistan Tehreek-e-Insaf (#PTI) candidate Syed Ahmed Shah emerged victorious in the #byelection in #PK30, Mansehra today 
#ARYNews 

https://t.co/JPQRpZeqqk"
164,2019-02-27 17:10:09+00:00,ARYNEWSOFFICIAL,"#Pakistan, #Malaysia agree to further expand defence cooperation https://t.co/7V86hJDn8j"
165,2019-02-27 14:42:21+00:00,ARYNEWSOFFICIAL,"The resolution was moved by Pakistan Tehreek-e-Insaf MPA, Omar Omari.
#ARYNews #Budgam 
https://t.co/CShoIp9Tt6"
166,2019-02-27 14:35:24+00:00,ARYNEWSOFFICIAL,"Fawad Chaudhry said that Prime Minister Imran Khan again invited India for dialogues to avoid disaster in the region

#ARYNews #Abhinandan"
167,2019-02-27 13:57:54+00:00,ARYNEWSOFFICIAL,"“The UK is deeply concerned about rising tensions between India and Pakistan and urgently calls for restraint on both sides to avoid further escalation,” May told parliament
#ARYNews #Budgam
https://t.co/iUN5ZXuVDQ"
168,2019-02-27 13:46:39+00:00,ARYNEWSOFFICIAL,"#Abhinandan can be seen sharing his views and thanking the Pakistan armed forces for saving his life from the mob at crash site

#ARYNews #Budgam #PakistanStrikesBack"
169,2019-02-27 13:31:41+00:00,ARYNEWSOFFICIAL,"In its report, Council on Foreign Relations, the US think tank, said that the rising tension between Pakistan and India would affect the whole region specially Afghanistan.
#ARYNews #Budgam 
https://t.co/nqiOYGFHny"
170,2019-02-27 13:19:30+00:00,ARYNEWSOFFICIAL,"#Abhinandan can be seen sharing his views and thanking the Pakistan armed forces for saving his life from the mob at crash site
#ARYNews #Budgam #PakistanStrikesBack 
https://t.co/p70V8wqkuU"
171,2019-02-27 13:07:56+00:00,ARYNEWSOFFICIAL,"The market reacted positively after the news of Pakistan Air Force (PAF)’s successful strike that shot down two Indian fighter-jets for violating country’s air territory

#ARYNews #Budgam #PakistanStrikesBack"
172,2019-02-27 12:49:09+00:00,OfficialDGISPR,There is only one pilot under Pakistan Army’s custody. Wing Comd Abhi Nandan is being treated as per norms of military ethics. https://t.co/8IQ5BPhLj2
173,2019-02-27 12:38:57+00:00,ARYNEWSOFFICIAL,"“We have lost our two jets and three pilots,” Parkash wrote in his tweet.
#ARYNews #Abhinandan #PakistanStrikesBack #Budgam
https://t.co/bnWl34HSQh"
174,2019-02-27 12:35:39+00:00,ARYNEWSOFFICIAL,"The premier after taking the nation into confidence over PAF’s operation invited India for dialogue and repeated Pakistan’s wish for lasting peace in the region.
#ARYNews #PakistanStrikesBack #Budgam #PMKhan 
https://t.co/WSND8LCVyx"
175,2019-02-27 12:25:05+00:00,ARYNEWSOFFICIAL,"‘I’m wing commander Abhinandan’, says arrested Indian pilot
#ARYNews #Abhinandan #PakistanStrikesBack #Budgam
https://t.co/yQiNf3aOks"
176,2019-02-27 12:16:55+00:00,ARYNEWSOFFICIAL,"‘PAF targeted three of our military installations’, confirms Indian MEA
#ARYNews #Abhinandan #PakistanStrikesBack #Budgam
https://t.co/AsgoRor3VG"
177,2019-02-27 12:03:37+00:00,ARYNEWSOFFICIAL,"The market reacted positively after the news of Pakistan Air Force (PAF)’s successful strike that shot down two Indian fighter-jets for violating country’s air territory
#ARYNews #Budgam #PakistanStrikesBack 
https://t.co/YckuKYJTuI"
178,2019-02-27 11:40:52+00:00,ARYNEWSOFFICIAL,"Sohail Aman said the PAF’s response was really professional. He said families of the Indian pilots should not be worried.

#ARYNews #Budgam #Abhinandan"
179,2019-02-27 11:32:47+00:00,ARYNEWSOFFICIAL,"Pakistanis talk of peace but troll India after PAF shoots down IAF jets
#ARYNews #Budgam #PakistanStrikesBack 
https://t.co/mdjgDjPS3U"
180,2019-02-27 10:54:02+00:00,ARYNEWSOFFICIAL,"I invite you again, India, for dialogue. I urge you, better sense should prevail'

Read more: https://t.co/tiNRMXhclg

#ARYNews #PakistanStrikesBack"
181,2019-02-27 10:48:49+00:00,pak_def,"EXCLUSIVE #BREAKING:  Indian Air Force Pilot, Wing Commander, arrested after air combat with PAF. Wing Commander Abhinandan, Indian Air Force. service number is 27981.
#PakistanStrikesBack
#PakistanArmyZindabad https://t.co/KcdcN5Q4yI"
182,2019-02-27 10:42:23+00:00,ARYNEWSOFFICIAL,"“US officials have contacted on the issue of escalation between Pakistan and India,” Asif Ghafoor said in an informal talk with journalists.

#ARYNews #ISPR #DGISPR #Budgam #Balakot #PaksitanArmy"
183,2019-02-27 10:35:59+00:00,ARYNEWSOFFICIAL,"Premier Khan’s address comes in the wake of Pakistan’s robust response to Indian aggression 

#ARYNews #PMImranKhan #Budgam"
184,2019-02-27 10:32:00+00:00,ARYNEWSOFFICIAL,"Pakistan ready for dialogue, had no choice but to retaliate: PM Imran

#ARYNews #PMImranKhan #Budgam"
185,2019-02-27 10:28:43+00:00,pak_def,"EXCLUSIVE #BREAKING:  Indian Air Force Pilot, Wing Commander, arrested after air combat with PAF. Wing Commander Abhinandan, Indian Air Force. service number is 27981.
#PakistanStrikesBack
#PakistanArmyZindabad https://t.co/n5juRqHlb2"
186,2019-02-27 10:07:38+00:00,ARYNEWSOFFICIAL,"Pakistanis talk of peace but troll India after PAF shoots down IAF jets

#ARYNews #Budgam"
187,2019-02-27 10:04:43+00:00,ARYNEWSOFFICIAL,"“What we are concerned about is that India and Pakistan, as important countries of the South Asian subcontinent, can maintain good neighbourly and friendly relations,” foreign ministry spokesman Lu Kang said 
#ARYNews #Budgam
https://t.co/Udm9p3Be3y"
188,2019-02-27 09:51:43+00:00,ARYNEWSOFFICIAL,"“Hope the sane voices in India will be able to stop Narendra Modi’s mad attempt to pitch two nuclear nations in a conflict that no sane person can want,” said Asad Umar

#ARYNews #Budgam"
189,2019-02-27 09:41:45+00:00,ARYNEWSOFFICIAL,"Turkey categorically announced to stand by #Pakistan and its people in the pace of Indian aggression
#ARYNews #Budgam
https://t.co/4aH8KMicxy"
190,2019-02-27 09:31:29+00:00,ARYNEWSOFFICIAL,"Pakistanis talk of peace but troll India after PAF shoots down IAF jets
#ARYNews #Budgam 
https://t.co/mdjgDjPS3U"
191,2019-02-27 09:25:29+00:00,ARYNEWSOFFICIAL,"“Pakistan is a peace loving country and reserves the right to defend its territory in case of any cross border attack,” he said

#ARYNews #Budgam"
192,2019-02-27 08:21:06+00:00,ARYNEWSOFFICIAL,"DG ISPR has dismissed the Indian media reports about the crash of Pakistan’s fighter jet F-16 inside India.

#ARYNews #ISPR #DGISPR #Budgam #PakistanAirForce"
193,2019-02-27 08:16:58+00:00,ARYNEWSOFFICIAL,"Turkey categorically announced to stand by Pakistan and its people in the pace of Indian aggression

#ARYNews #Pakistan #Turkey #Budgam"
194,2019-02-27 08:06:44+00:00,ARYNEWSOFFICIAL,"In view of the present emergency situation Pakistan’s airspace has been temporarily closed, citing sources

#ARYNews #Budgam"
195,2019-02-27 07:49:51+00:00,ARYNEWSOFFICIAL,"DG ISPR is holding an important press conference in the wake of Pakistan’s robust response to Indian agression.
#ARYNews #Budgam
https://t.co/HvPepz8upZ"
196,2019-02-27 07:47:55+00:00,ARYNEWSOFFICIAL,"Pakistan has right to defend its frontiers: Shehbaz Sharif

#ARYNews #Budgam"
197,2019-02-27 07:27:17+00:00,ARYNEWSOFFICIAL,"Pakistan is expected to have an increasing pressure to improve fiscal consolidation through austerity measures,  the report said
#ARYNews #IMF  
https://t.co/FnJk1ukyLg"
198,2019-02-27 07:14:47+00:00,ARYNEWSOFFICIAL,"The minister said, he warned India, in yesterday’s press conference that “Pakistan will respond,” and Pakistan has responded today

#ARYNews #Budgam #PakistanArmy"
199,2019-02-27 07:11:39+00:00,ARYNEWSOFFICIAL,"The secretary after talking with his counterparts of both the countries maintained, the US encourages India and Pakistan to exercise restraint, and avoid escalation at any cost.
#ARYNews #Budgam
https://t.co/zLR3kvTahd"
200,2019-02-27 07:07:46+00:00,ARYNEWSOFFICIAL,"The Foreign Office said Pakistan had no intention of escalation, but was all ready to do so if forced into that paradigm

#ARYNews #Budgam"
201,2019-02-27 06:11:50+00:00,ARYNEWSOFFICIAL,"Pakistan Air Force downs 2 Indian jets, 2 pilots killed, one arrested

Read more: https://t.co/Iuub3Du6hP
#ARYNews #BreakingNews #PakistanAirForce https://t.co/nQAxjZndmt"
